StudentID,Gender,AttendanceRate,StudyHoursPerWeek,PreviousGrade,ExtracurricularActivities,ParentalSupport,FinalGrade,Online Classes Taken
1,Male,85.0,15.0,78.0,1.0,High,80.0,False
2,Female,90.0,20.0,85.0,2.0,Medium,87.0,True
3,Male,78.0,10.0,65.0,0.0,Low,68.0,False
4,Male,92.0,25.0,90.0,3.0,High,92.0,False
5,Female,88.0,18.0,82.0,2.0,Medium,85.0,True
6,Female,95.0,30.0,88.0,1.0,High,80.0,False
7,Male,70.0,8.0,60.0,0.0,Low,62.0,False
8,Female,88.0,17.0,77.0,1.0,Medium,78.0,True
9,Male,82.0,12.0,70.0,2.0,Low,72.0,False
10,Female,91.0,22.0,86.0,3.0,High,88.0,True
2824,Male,88.0,25.0,90.0,0.0,High,87.0,True
7912,Male,85.0,20.0,78.0,3.0,Low,88.0,False
4611,Female,91.0,18.0,78.0,0.0,Low,62.0,True
6514,Male,90.0,8.0,85.0,1.0,Medium,88.0,False
2139,Male,88.0,18.0,85.0,3.0,High,62.0,False
8573,Female,88.0,12.0,90.0,1.0,High,92.0,False
5386,Male,92.0,22.0,88.0,3.0,Low,78.0,False
3340,Female,78.0,25.0,70.0,2.0,Medium,88.0,False
6930,Male,78.0,12.0,77.0,2.0,High,87.0,False
2040,Female,70.0,22.0,77.0,2.0,Medium,72.0,True
9797,Female,95.0,20.0,82.0,1.0,High,78.0,False
9201,Male,82.0,20.0,82.0,1.0,Low,80.0,True
9837,Male,91.0,30.0,77.0,1.0,High,90.0,True
1949,Male,91.0,20.0,78.0,1.0,High,72.0,False
3705,Female,88.0,17.0,60.0,3.0,Low,92.0,False
8177,Female,90.0,25.0,90.0,2.0,Medium,80.0,True
1117,Male,85.0,25.0,78.0,1.0,Medium,87.0,False
4510,Male,91.0,22.0,77.0,3.0,Medium,62.0,False
6804,Female,70.0,17.0,78.0,2.0,High,80.0,True
4139,Male,82.0,17.0,65.0,0.0,High,85.0,False
2604,Male,82.0,15.0,85.0,3.0,High,80.0,False
1960,Male,88.0,15.0,60.0,2.0,Medium,85.0,False
3536,Male,88.0,25.0,78.0,3.0,Low,72.0,True
1821,Female,82.0,12.0,65.0,1.0,Low,87.0,True
4853,Female,90.0,22.0,90.0,3.0,Low,80.0,False
1152,Female,91.0,22.0,85.0,2.0,Low,92.0,False
2127,Male,95.0,18.0,65.0,1.0,Low,85.0,True
5905,Male,78.0,18.0,85.0,2.0,Low,72.0,True
6617,Male,88.0,12.0,77.0,2.0,High,87.0,True
1058,Female,78.0,18.0,65.0,1.0,Low,62.0,True
3442,Male,95.0,22.0,70.0,0.0,Medium,68.0,True
6862,Male,92.0,20.0,88.0,2.0,Medium,88.0,True
3900,Female,85.0,10.0,88.0,0.0,Low,92.0,True
7267,Male,85.0,25.0,90.0,1.0,Medium,85.0,True
1387,Male,70.0,30.0,82.0,2.0,Medium,90.0,False
1452,Male,88.0,10.0,86.0,2.0,High,87.0,False
8149,Male,70.0,22.0,90.0,2.0,High,62.0,True
6967,Female,90.0,30.0,86.0,1.0,Low,87.0,False
7691,Female,70.0,18.0,70.0,0.0,High,62.0,True
5930,Female,82.0,17.0,82.0,1.0,High,62.0,False
8618,Female,85.0,25.0,70.0,1.0,Low,68.0,False
2530,Male,88.0,25.0,90.0,0.0,High,80.0,True
8461,Female,91.0,25.0,60.0,1.0,Medium,92.0,True
2746,Female,92.0,10.0,70.0,1.0,High,72.0,False
3184,Female,82.0,12.0,86.0,1.0,Medium,88.0,False
9976,Female,78.0,17.0,77.0,2.0,High,85.0,False
4919,Female,85.0,20.0,82.0,3.0,Medium,90.0,True
3267,Male,92.0,8.0,65.0,3.0,High,62.0,False
7812,Male,92.0,8.0,60.0,3.0,Low,80.0,False
8814,Male,95.0,18.0,60.0,0.0,Low,72.0,False
4595,Female,70.0,17.0,78.0,0.0,Medium,62.0,True
9751,Male,70.0,22.0,86.0,1.0,High,62.0,True
1823,Female,70.0,30.0,90.0,1.0,Medium,90.0,False
7906,Female,90.0,17.0,78.0,2.0,High,90.0,True
1508,Male,92.0,15.0,86.0,0.0,High,68.0,True
8619,Female,95.0,10.0,86.0,3.0,Low,87.0,False
2771,Male,88.0,22.0,60.0,0.0,Low,92.0,True
2669,Female,91.0,20.0,86.0,1.0,Medium,72.0,True
9289,Female,85.0,8.0,77.0,2.0,Medium,90.0,True
8135,Male,82.0,18.0,86.0,2.0,Medium,78.0,False
6280,Male,90.0,18.0,77.0,3.0,Medium,88.0,False
1470,Female,95.0,10.0,77.0,3.0,Medium,85.0,False
1166,Male,90.0,25.0,60.0,1.0,Low,92.0,False
8342,Male,90.0,18.0,90.0,0.0,Low,92.0,False
8753,Female,70.0,12.0,88.0,1.0,Low,78.0,True
2976,Male,95.0,20.0,70.0,0.0,High,92.0,False
2647,Male,88.0,25.0,88.0,1.0,Medium,80.0,False
1745,Male,82.0,18.0,78.0,1.0,High,80.0,False
8216,Female,78.0,15.0,82.0,1.0,High,87.0,True
3485,Male,91.0,18.0,85.0,3.0,High,72.0,True
9561,Female,85.0,17.0,82.0,3.0,Medium,85.0,True
4404,Male,88.0,20.0,65.0,1.0,High,72.0,False
8381,Female,88.0,15.0,90.0,2.0,Low,80.0,True
4824,Female,91.0,25.0,60.0,2.0,Low,92.0,True
2169,Male,78.0,18.0,86.0,3.0,Medium,78.0,False
7594,Female,82.0,12.0,77.0,1.0,High,88.0,False
5102,Male,90.0,25.0,86.0,3.0,High,85.0,True
8708,Female,88.0,10.0,86.0,0.0,Low,78.0,False
7690,Male,95.0,20.0,65.0,1.0,Medium,78.0,True
8451,Male,95.0,18.0,88.0,2.0,Medium,72.0,False
7770,Male,92.0,12.0,88.0,3.0,Medium,78.0,False
9998,Male,88.0,17.0,77.0,2.0,High,88.0,True
6091,Male,82.0,17.0,85.0,1.0,High,78.0,True
9165,Female,82.0,18.0,60.0,1.0,Medium,92.0,False
4122,Male,90.0,18.0,60.0,1.0,Low,85.0,False
9022,Male,85.0,12.0,77.0,1.0,Medium,72.0,False
7325,Male,85.0,15.0,65.0,2.0,Low,90.0,True
9617,Male,85.0,17.0,60.0,0.0,High,78.0,False
7512,Male,95.0,12.0,60.0,1.0,Low,78.0,True
4846,Female,92.0,20.0,60.0,1.0,Low,87.0,False
1474,Male,95.0,15.0,82.0,1.0,Medium,62.0,False
3950,Male,78.0,20.0,86.0,1.0,Low,92.0,True
4804,Male,88.0,17.0,82.0,1.0,Medium,85.0,True
8237,Female,91.0,18.0,60.0,2.0,Medium,85.0,False
2747,Male,70.0,22.0,88.0,3.0,Medium,85.0,False
5497,Male,91.0,15.0,86.0,1.0,Medium,92.0,True
4115,Female,78.0,20.0,78.0,2.0,Medium,80.0,True
2476,Female,95.0,8.0,65.0,3.0,High,72.0,False
3695,Female,85.0,18.0,88.0,2.0,Medium,87.0,False
6992,Male,70.0,15.0,82.0,1.0,High,78.0,False
7242,Female,90.0,25.0,77.0,1.0,Low,72.0,True
2035,Female,88.0,8.0,85.0,0.0,High,80.0,True
2592,Male,82.0,10.0,60.0,1.0,Medium,72.0,True
7797,Male,85.0,22.0,60.0,2.0,High,80.0,True
6942,Male,95.0,12.0,88.0,1.0,Medium,85.0,False
2501,Male,91.0,15.0,78.0,1.0,High,68.0,True
4394,Male,92.0,30.0,65.0,3.0,High,80.0,True
9850,Female,78.0,17.0,78.0,0.0,High,90.0,False
1258,Male,88.0,15.0,65.0,0.0,Low,87.0,False
6931,Male,85.0,12.0,90.0,3.0,High,72.0,True
1996,Female,70.0,8.0,85.0,1.0,Low,80.0,False
3430,Male,78.0,18.0,86.0,1.0,Low,90.0,False
8433,Female,90.0,20.0,70.0,3.0,Medium,78.0,False
2099,Male,90.0,20.0,60.0,2.0,Low,90.0,True
6400,Male,70.0,17.0,60.0,1.0,Medium,88.0,True
3535,Female,92.0,20.0,88.0,2.0,Medium,87.0,True
8030,Male,91.0,17.0,78.0,0.0,Medium,85.0,True
3972,Male,91.0,8.0,85.0,0.0,Low,80.0,True
7163,Female,85.0,30.0,78.0,1.0,Medium,90.0,True
1861,Male,78.0,22.0,78.0,2.0,Medium,78.0,False
7785,Female,92.0,12.0,85.0,1.0,Medium,87.0,False
9633,Female,85.0,25.0,60.0,3.0,High,80.0,True
5186,Female,95.0,20.0,78.0,1.0,Low,62.0,True
9196,Female,90.0,8.0,78.0,0.0,High,78.0,False
7626,Female,88.0,20.0,60.0,1.0,Medium,68.0,False
6928,Male,70.0,20.0,90.0,0.0,Low,62.0,False
6562,Male,95.0,10.0,85.0,2.0,Low,80.0,False
6752,Male,92.0,20.0,65.0,2.0,High,68.0,True
3902,Female,85.0,22.0,86.0,1.0,Low,88.0,False
6179,Male,85.0,20.0,77.0,1.0,Low,85.0,True
6766,Male,88.0,17.0,77.0,1.0,High,90.0,True
9307,Female,85.0,22.0,70.0,1.0,Medium,88.0,False
9214,Male,85.0,17.0,85.0,1.0,Low,87.0,True
5059,Female,85.0,12.0,70.0,3.0,High,90.0,False
7697,Female,91.0,15.0,88.0,2.0,Medium,87.0,False
5128,Male,95.0,20.0,86.0,0.0,Medium,85.0,False
3112,Male,88.0,12.0,60.0,1.0,High,72.0,False
9331,Female,85.0,30.0,82.0,0.0,High,90.0,True
4711,Male,78.0,20.0,82.0,2.0,Low,72.0,True
6517,Male,91.0,8.0,65.0,0.0,High,88.0,False
1715,Female,95.0,25.0,77.0,3.0,Medium,78.0,False
8684,Male,95.0,22.0,78.0,1.0,Medium,80.0,True
4271,Male,88.0,15.0,77.0,1.0,Low,87.0,True
5670,Male,78.0,18.0,77.0,2.0,High,62.0,False
6727,Male,70.0,15.0,60.0,2.0,Medium,92.0,False
4678,Male,95.0,20.0,88.0,0.0,High,80.0,True
8685,Female,91.0,15.0,85.0,1.0,Medium,92.0,False
2821,Female,92.0,17.0,85.0,1.0,High,80.0,False
2029,Male,85.0,22.0,70.0,1.0,Low,72.0,True
5772,Female,85.0,22.0,88.0,3.0,High,62.0,True
9576,Female,90.0,12.0,70.0,2.0,Low,72.0,True
7338,Female,88.0,15.0,88.0,2.0,Medium,92.0,True
6447,Male,85.0,30.0,70.0,1.0,Low,68.0,False
8840,Male,78.0,20.0,77.0,1.0,Medium,92.0,True
6170,Female,82.0,8.0,70.0,1.0,Medium,80.0,False
4060,Female,85.0,30.0,70.0,2.0,High,62.0,True
9937,Female,95.0,20.0,85.0,1.0,Low,85.0,False
3730,Female,95.0,17.0,78.0,1.0,Low,62.0,True
2229,Female,88.0,12.0,65.0,1.0,High,88.0,True
3068,Male,92.0,30.0,88.0,0.0,Low,80.0,False
7077,Female,85.0,20.0,86.0,0.0,Low,90.0,False
5089,Male,85.0,17.0,77.0,2.0,Medium,72.0,False
8311,Male,91.0,18.0,77.0,3.0,High,68.0,True
8292,Male,95.0,30.0,85.0,2.0,Low,85.0,True
6922,Male,90.0,25.0,65.0,3.0,Medium,80.0,False
8657,Male,91.0,20.0,85.0,2.0,Medium,78.0,False
2208,Male,95.0,20.0,77.0,1.0,High,72.0,True
3114,Female,82.0,15.0,85.0,2.0,High,85.0,True
6669,Female,90.0,18.0,90.0,1.0,High,68.0,True
9234,Male,91.0,22.0,65.0,0.0,Low,88.0,False
1674,Male,90.0,15.0,86.0,2.0,Low,92.0,True
9159,Female,88.0,17.0,90.0,0.0,Medium,78.0,True
8202,Female,85.0,17.0,90.0,1.0,Low,68.0,False
6658,Female,78.0,30.0,70.0,2.0,High,90.0,False
8366,Male,78.0,20.0,78.0,2.0,Medium,88.0,True
6123,Male,78.0,17.0,78.0,1.0,Medium,85.0,False
5681,Male,90.0,8.0,65.0,2.0,Low,90.0,True
7563,Male,91.0,12.0,90.0,1.0,Low,85.0,False
4261,Female,82.0,15.0,78.0,1.0,High,90.0,False
3440,Male,95.0,17.0,88.0,0.0,Medium,80.0,False
9311,Female,91.0,18.0,78.0,1.0,Medium,90.0,False
1436,Female,88.0,22.0,86.0,3.0,Low,80.0,False
3421,Male,85.0,22.0,85.0,3.0,High,78.0,False
4340,Female,82.0,22.0,77.0,1.0,Low,68.0,False
8837,Female,95.0,10.0,77.0,2.0,Medium,72.0,False
8932,Male,92.0,18.0,70.0,2.0,High,85.0,True
9011,Female,85.0,30.0,70.0,2.0,Medium,87.0,False
7464,Female,78.0,18.0,78.0,2.0,Low,87.0,False
8849,Male,92.0,12.0,82.0,2.0,Low,85.0,True
4972,Male,82.0,25.0,90.0,1.0,High,62.0,True
3252,Male,82.0,17.0,60.0,1.0,Medium,92.0,False
5676,Male,90.0,22.0,90.0,2.0,Low,80.0,False
3880,Male,70.0,17.0,65.0,2.0,High,80.0,True
6489,Female,85.0,12.0,70.0,1.0,High,72.0,True
6417,Male,85.0,18.0,65.0,1.0,Low,90.0,True
3875,Female,70.0,12.0,88.0,2.0,Medium,87.0,False
5285,Female,92.0,15.0,85.0,1.0,High,68.0,False
2923,Male,95.0,22.0,90.0,3.0,High,78.0,False
7813,Female,82.0,25.0,90.0,3.0,High,72.0,False
2279,Male,85.0,12.0,70.0,3.0,Low,72.0,False
2904,Male,91.0,17.0,85.0,2.0,Medium,80.0,False
8484,Male,82.0,17.0,82.0,1.0,Medium,85.0,True
5703,Female,78.0,10.0,60.0,1.0,Medium,80.0,False
1372,Female,85.0,12.0,60.0,2.0,Medium,92.0,True
5516,Male,90.0,15.0,60.0,3.0,High,80.0,True
8314,Male,92.0,15.0,60.0,1.0,High,72.0,True
3295,Female,92.0,22.0,78.0,3.0,Low,90.0,True
7775,Male,88.0,15.0,70.0,3.0,Low,68.0,False
1768,Female,88.0,12.0,88.0,0.0,Medium,68.0,False
4948,Male,88.0,10.0,77.0,1.0,Low,62.0,True
7363,Male,88.0,25.0,88.0,2.0,Medium,90.0,True
1844,Female,70.0,22.0,86.0,1.0,High,92.0,True
8854,Male,95.0,18.0,78.0,3.0,High,87.0,False
4974,Male,70.0,25.0,70.0,1.0,Medium,62.0,False
6053,Female,95.0,12.0,77.0,1.0,High,78.0,True
7073,Female,70.0,17.0,86.0,3.0,Low,68.0,False
5836,Male,92.0,30.0,90.0,0.0,Low,92.0,False
5216,Female,85.0,17.0,65.0,1.0,High,68.0,True
9882,Male,82.0,15.0,85.0,1.0,High,62.0,True
2113,Male,85.0,25.0,70.0,1.0,Medium,80.0,False
8993,Male,85.0,12.0,70.0,0.0,High,80.0,False
1280,Female,78.0,20.0,85.0,2.0,High,92.0,False
6807,Female,70.0,20.0,88.0,0.0,Medium,88.0,True
5914,Male,85.0,20.0,60.0,0.0,Medium,72.0,True
3807,Male,85.0,8.0,78.0,3.0,High,72.0,True
8790,Female,85.0,20.0,82.0,2.0,Low,80.0,True
4394,Male,88.0,17.0,82.0,0.0,Low,92.0,False
7288,Male,90.0,12.0,88.0,1.0,High,62.0,False
7499,Female,85.0,18.0,77.0,1.0,High,90.0,False
4043,Female,90.0,22.0,82.0,3.0,Low,87.0,False
3527,Female,95.0,30.0,78.0,2.0,High,85.0,False
2674,Male,90.0,10.0,60.0,1.0,Low,72.0,True
2468,Female,82.0,20.0,86.0,3.0,Medium,62.0,False
2387,Male,91.0,12.0,65.0,0.0,High,68.0,False
3390,Male,78.0,8.0,82.0,0.0,Medium,78.0,False
5040,Female,91.0,22.0,90.0,1.0,High,68.0,False
7224,Female,85.0,30.0,60.0,3.0,High,85.0,True
8848,Female,78.0,8.0,88.0,2.0,Low,78.0,True
6339,Female,88.0,8.0,88.0,2.0,Low,92.0,True
1440,Female,92.0,17.0,82.0,2.0,Medium,80.0,True
5139,Male,70.0,8.0,85.0,1.0,Low,78.0,False
9907,Male,95.0,12.0,86.0,2.0,High,92.0,True
1725,Female,95.0,8.0,85.0,1.0,High,85.0,True
8303,Female,70.0,17.0,86.0,2.0,High,90.0,True
5840,Female,90.0,20.0,65.0,1.0,Medium,90.0,False
6706,Female,90.0,17.0,77.0,1.0,High,85.0,True
1370,Female,90.0,10.0,90.0,2.0,High,72.0,False
8570,Male,70.0,10.0,65.0,1.0,Medium,80.0,False
8037,Female,85.0,25.0,90.0,2.0,Low,87.0,True
6993,Female,88.0,17.0,85.0,2.0,Low,78.0,False
7367,Female,91.0,20.0,88.0,1.0,Medium,88.0,False
2388,Male,95.0,20.0,90.0,2.0,High,68.0,False
7852,Male,91.0,8.0,60.0,0.0,Medium,72.0,True
3733,Female,88.0,10.0,65.0,1.0,Medium,88.0,True
8939,Male,92.0,8.0,70.0,2.0,Low,78.0,False
8272,Female,78.0,20.0,86.0,1.0,High,85.0,False
3755,Female,91.0,17.0,70.0,2.0,High,88.0,False
9880,Male,85.0,12.0,90.0,0.0,High,92.0,False
5305,Female,90.0,17.0,85.0,3.0,High,88.0,False
3719,Male,92.0,25.0,78.0,3.0,Medium,72.0,True
6302,Female,88.0,22.0,82.0,1.0,Low,87.0,False
1971,Female,78.0,10.0,90.0,0.0,Low,90.0,False
9019,Male,91.0,18.0,60.0,0.0,Medium,87.0,True
7600,Female,95.0,17.0,77.0,1.0,Low,80.0,True
8511,Female,90.0,12.0,60.0,3.0,Medium,92.0,False
6533,Male,91.0,17.0,88.0,1.0,High,87.0,True
3035,Male,85.0,17.0,78.0,0.0,High,68.0,True
5489,Male,95.0,18.0,85.0,1.0,Low,68.0,False
4836,Female,90.0,20.0,78.0,1.0,Medium,87.0,False
1152,Male,88.0,20.0,60.0,0.0,Medium,87.0,True
2690,Female,95.0,18.0,65.0,0.0,High,68.0,True
3688,Female,95.0,25.0,65.0,0.0,Low,78.0,True
3293,Male,91.0,8.0,88.0,0.0,Medium,68.0,True
5065,Female,85.0,18.0,90.0,2.0,Low,72.0,False
1894,Male,85.0,8.0,85.0,3.0,Medium,88.0,False
6185,Male,70.0,22.0,60.0,1.0,Low,68.0,True
1273,Male,85.0,18.0,90.0,1.0,High,62.0,False
7939,Female,90.0,12.0,70.0,3.0,High,85.0,True
3545,Female,70.0,22.0,85.0,2.0,Low,62.0,True
5005,Male,70.0,20.0,77.0,3.0,Low,80.0,True
2956,Male,78.0,15.0,65.0,1.0,Medium,72.0,False
3735,Female,78.0,18.0,85.0,1.0,Medium,62.0,False
2262,Female,85.0,12.0,88.0,1.0,Medium,88.0,False
2685,Male,92.0,12.0,78.0,1.0,High,92.0,False
3458,Male,85.0,12.0,60.0,3.0,High,92.0,False
5444,Male,91.0,30.0,85.0,2.0,Low,80.0,True
7568,Male,85.0,18.0,82.0,1.0,High,72.0,True
5777,Female,91.0,25.0,77.0,1.0,Low,78.0,True
6488,Male,70.0,18.0,85.0,3.0,Low,92.0,True
5584,Male,85.0,25.0,70.0,0.0,Low,90.0,True
2565,Male,70.0,20.0,86.0,3.0,High,62.0,True
5778,Female,95.0,8.0,88.0,1.0,Medium,85.0,True
8404,Female,85.0,18.0,85.0,2.0,High,85.0,True
4522,Female,78.0,20.0,90.0,1.0,Medium,72.0,False
3848,Male,70.0,17.0,70.0,2.0,High,87.0,True
2989,Male,85.0,25.0,65.0,3.0,Medium,90.0,True
5240,Male,85.0,20.0,90.0,1.0,High,87.0,True
1699,Female,85.0,10.0,86.0,0.0,Low,62.0,False
3831,Female,92.0,10.0,82.0,2.0,High,68.0,True
5835,Female,70.0,12.0,77.0,1.0,High,85.0,True
9614,Male,82.0,15.0,60.0,1.0,Medium,72.0,False
7363,Female,78.0,15.0,88.0,3.0,High,80.0,False
1959,Female,88.0,17.0,86.0,3.0,High,87.0,False
9743,Male,92.0,22.0,60.0,1.0,High,68.0,False
1462,Female,91.0,22.0,65.0,3.0,High,78.0,False
1621,Male,85.0,25.0,86.0,3.0,High,72.0,True
3137,Female,78.0,30.0,78.0,1.0,High,88.0,True
9622,Female,90.0,17.0,60.0,3.0,High,90.0,True
8157,Female,95.0,10.0,70.0,3.0,Medium,92.0,False
6026,Female,78.0,10.0,78.0,3.0,Medium,88.0,False
4619,Male,85.0,10.0,88.0,2.0,High,90.0,True
6500,Female,85.0,18.0,90.0,3.0,Low,87.0,True
1020,Male,70.0,17.0,60.0,0.0,Medium,80.0,False
2661,Female,91.0,25.0,65.0,1.0,High,80.0,False
2715,Male,95.0,10.0,60.0,0.0,Low,87.0,False
8909,Male,70.0,10.0,86.0,0.0,High,80.0,True
7705,Female,88.0,18.0,90.0,2.0,High,62.0,True
1893,Female,85.0,8.0,85.0,2.0,Low,88.0,True
4390,Male,88.0,20.0,77.0,2.0,Medium,62.0,False
2493,Female,78.0,30.0,60.0,1.0,High,78.0,False
5315,Male,88.0,22.0,78.0,0.0,Low,87.0,False
4727,Male,70.0,12.0,60.0,2.0,Low,78.0,False
5896,Male,70.0,15.0,70.0,3.0,Low,88.0,True
2970,Female,78.0,10.0,90.0,3.0,High,80.0,False
4308,Male,91.0,18.0,88.0,2.0,High,62.0,False
5525,Female,85.0,22.0,86.0,2.0,Medium,87.0,True
2730,Male,88.0,12.0,88.0,0.0,Medium,62.0,False
1613,Male,88.0,8.0,65.0,3.0,Low,62.0,True
1807,Female,88.0,30.0,78.0,1.0,Medium,80.0,True
4734,Male,88.0,17.0,88.0,2.0,Low,62.0,True
8237,Male,70.0,17.0,70.0,1.0,High,72.0,False
9303,Female,78.0,12.0,86.0,1.0,High,92.0,True
5087,Male,85.0,15.0,88.0,3.0,Medium,80.0,False
6640,Male,88.0,20.0,82.0,1.0,Medium,80.0,True
4626,Male,92.0,18.0,60.0,2.0,High,80.0,True
1138,Male,88.0,22.0,82.0,2.0,Medium,62.0,False
4575,Female,88.0,12.0,86.0,0.0,Low,87.0,True
5631,Female,90.0,17.0,85.0,1.0,Medium,90.0,False
4086,Male,82.0,25.0,78.0,3.0,Medium,90.0,True
9148,Female,88.0,8.0,60.0,0.0,Low,80.0,True
6622,Male,82.0,17.0,88.0,2.0,Medium,68.0,True
5813,Male,85.0,10.0,82.0,2.0,High,90.0,False
4659,Female,70.0,30.0,78.0,2.0,Low,85.0,False
1879,Male,85.0,25.0,70.0,2.0,Low,62.0,True
3470,Male,92.0,30.0,60.0,3.0,Medium,68.0,True
2324,Female,95.0,10.0,88.0,1.0,High,78.0,True
3595,Female,90.0,10.0,86.0,1.0,Low,62.0,False
1076,Male,82.0,25.0,88.0,1.0,Medium,72.0,True
1749,Female,88.0,17.0,70.0,3.0,Low,80.0,True
6615,Female,95.0,25.0,65.0,0.0,High,92.0,True
1359,Male,90.0,30.0,78.0,0.0,Low,85.0,True
1785,Male,85.0,15.0,85.0,0.0,Medium,62.0,False
3508,Male,85.0,18.0,60.0,2.0,Low,72.0,True
7862,Male,82.0,22.0,85.0,2.0,High,87.0,True
6416,Male,85.0,15.0,85.0,2.0,Low,78.0,True
2659,Female,92.0,17.0,82.0,2.0,Medium,80.0,True
5760,Female,95.0,8.0,85.0,2.0,High,80.0,True
6384,Female,88.0,22.0,82.0,2.0,Medium,90.0,False
8479,Female,70.0,17.0,60.0,0.0,High,68.0,True
2699,Female,91.0,17.0,86.0,1.0,High,88.0,True
9598,Male,95.0,12.0,70.0,1.0,High,62.0,False
6664,Female,78.0,12.0,86.0,1.0,High,68.0,False
3709,Male,85.0,30.0,90.0,1.0,Medium,80.0,False
7607,Male,90.0,17.0,77.0,3.0,Medium,87.0,False
2944,Female,85.0,20.0,78.0,0.0,High,72.0,False
9328,Male,85.0,30.0,88.0,1.0,High,78.0,False
6952,Female,90.0,20.0,90.0,1.0,Medium,90.0,False
2741,Male,78.0,17.0,65.0,0.0,High,85.0,True
7437,Male,85.0,25.0,88.0,2.0,Medium,80.0,True
8381,Female,91.0,12.0,65.0,1.0,High,72.0,False
8912,Male,91.0,10.0,65.0,2.0,Medium,88.0,False
7859,Male,88.0,8.0,88.0,2.0,Medium,68.0,False
9975,Female,82.0,17.0,90.0,3.0,Low,85.0,True
3913,Female,90.0,17.0,70.0,1.0,Low,88.0,False
9747,Female,70.0,17.0,70.0,2.0,High,62.0,True
4275,Female,78.0,17.0,82.0,0.0,High,85.0,True
6876,Female,90.0,22.0,70.0,3.0,Low,72.0,False
1769,Female,70.0,8.0,88.0,2.0,High,80.0,False
4695,Female,88.0,12.0,86.0,3.0,Low,92.0,True
4063,Male,82.0,20.0,60.0,1.0,Medium,85.0,True
5178,Male,95.0,17.0,65.0,1.0,High,90.0,True
9037,Female,90.0,30.0,70.0,3.0,High,72.0,True
7814,Female,90.0,30.0,90.0,3.0,Low,90.0,True
9691,Female,82.0,15.0,85.0,1.0,Medium,92.0,True
1653,Female,70.0,20.0,60.0,2.0,Low,85.0,False
9426,Female,85.0,17.0,82.0,3.0,Medium,72.0,True
9814,Male,90.0,25.0,90.0,0.0,High,92.0,False
2181,Male,85.0,17.0,88.0,1.0,High,87.0,False
2154,Male,88.0,8.0,60.0,1.0,Low,62.0,False
2938,Male,91.0,20.0,86.0,1.0,Low,87.0,True
5748,Female,91.0,20.0,82.0,1.0,Medium,62.0,False
3561,Male,78.0,8.0,70.0,2.0,Low,68.0,False
1182,Male,90.0,15.0,78.0,3.0,Low,62.0,True
4441,Female,92.0,8.0,70.0,0.0,High,68.0,True
2877,Male,91.0,15.0,70.0,1.0,Low,72.0,True
5107,Male,92.0,22.0,77.0,1.0,Medium,68.0,True
5671,Male,92.0,30.0,77.0,1.0,Medium,88.0,True
6971,Female,88.0,10.0,78.0,1.0,High,92.0,False
5533,Female,78.0,30.0,77.0,1.0,Medium,90.0,True
3879,Male,88.0,10.0,70.0,3.0,Medium,87.0,True
7637,Male,85.0,12.0,82.0,2.0,Low,78.0,False
7430,Male,91.0,18.0,65.0,1.0,Low,72.0,True
4913,Male,82.0,10.0,77.0,0.0,High,88.0,True
9485,Female,70.0,17.0,77.0,1.0,High,90.0,False
5314,Male,70.0,8.0,88.0,3.0,Low,87.0,True
9460,Female,95.0,30.0,77.0,1.0,Low,80.0,False
3713,Male,90.0,12.0,82.0,3.0,High,68.0,True
4773,Female,95.0,20.0,77.0,1.0,Medium,92.0,False
1367,Male,85.0,10.0,86.0,3.0,High,68.0,True
1916,Male,88.0,10.0,70.0,0.0,Low,88.0,False
2404,Male,85.0,22.0,77.0,1.0,High,92.0,True
3979,Female,78.0,17.0,77.0,3.0,Low,87.0,True
2778,Male,92.0,17.0,70.0,0.0,High,88.0,True
9706,Male,90.0,17.0,65.0,3.0,Low,80.0,False
9553,Female,95.0,15.0,70.0,0.0,High,78.0,False
2600,Female,78.0,18.0,77.0,3.0,High,85.0,False
5223,Male,85.0,15.0,86.0,2.0,High,72.0,True
6175,Female,95.0,20.0,65.0,0.0,Low,88.0,False
6990,Female,70.0,25.0,60.0,2.0,Low,78.0,False
5157,Female,91.0,17.0,60.0,0.0,Low,87.0,True
2642,Male,82.0,8.0,88.0,2.0,Low,80.0,True
2492,Male,85.0,22.0,60.0,2.0,High,85.0,True
7296,Female,91.0,12.0,82.0,3.0,High,68.0,True
4304,Female,92.0,15.0,86.0,2.0,Low,92.0,True
6893,Male,85.0,10.0,85.0,2.0,Medium,90.0,True
9482,Male,90.0,20.0,70.0,2.0,Low,72.0,False
5530,Male,91.0,25.0,77.0,0.0,Low,80.0,True
2185,Female,95.0,20.0,70.0,2.0,Low,88.0,False
8923,Male,95.0,17.0,77.0,3.0,High,78.0,False
4610,Male,95.0,8.0,88.0,2.0,Low,80.0,True
5706,Male,70.0,30.0,85.0,2.0,High,78.0,False
3994,Male,85.0,25.0,90.0,3.0,Medium,92.0,False
6167,Female,91.0,18.0,77.0,0.0,High,85.0,True
1887,Female,85.0,12.0,78.0,2.0,Medium,62.0,True
8490,Male,82.0,17.0,88.0,1.0,High,92.0,False
6924,Female,78.0,12.0,78.0,3.0,Medium,78.0,False
4013,Male,70.0,25.0,60.0,1.0,Medium,62.0,True
4744,Male,88.0,25.0,70.0,0.0,Medium,92.0,True
8749,Male,78.0,8.0,77.0,0.0,Low,72.0,False
5915,Female,82.0,22.0,78.0,0.0,High,68.0,False
2577,Female,95.0,18.0,88.0,1.0,Low,72.0,False
1324,Female,90.0,30.0,86.0,1.0,Low,88.0,True
5663,Female,95.0,12.0,77.0,1.0,High,62.0,True
3745,Female,70.0,22.0,86.0,0.0,High,87.0,False
6191,Female,88.0,22.0,60.0,2.0,Medium,90.0,False
7782,Male,78.0,15.0,65.0,3.0,Low,85.0,True
4450,Male,70.0,20.0,85.0,2.0,Medium,72.0,False
9584,Male,90.0,18.0,86.0,0.0,High,62.0,False
8260,Male,78.0,12.0,65.0,1.0,High,90.0,False
8654,Female,82.0,17.0,65.0,2.0,High,88.0,False
9576,Female,95.0,17.0,70.0,3.0,High,78.0,False
3551,Male,85.0,15.0,70.0,0.0,Medium,85.0,False
8816,Female,85.0,8.0,82.0,3.0,High,80.0,False
8161,Female,92.0,10.0,60.0,0.0,High,85.0,True
9464,Female,88.0,12.0,82.0,0.0,High,87.0,True
8460,Female,88.0,22.0,77.0,3.0,Medium,80.0,True
4046,Male,88.0,18.0,65.0,1.0,Low,80.0,True
9086,Male,95.0,8.0,82.0,1.0,Medium,78.0,False
2314,Male,85.0,18.0,60.0,2.0,Low,78.0,False
1206,Male,92.0,8.0,77.0,3.0,Low,80.0,True
9538,Male,85.0,8.0,82.0,1.0,High,80.0,True
5150,Female,88.0,25.0,88.0,1.0,Low,92.0,False
6316,Male,78.0,18.0,86.0,2.0,Medium,92.0,False
3539,Female,90.0,25.0,65.0,1.0,High,88.0,True
1979,Female,78.0,12.0,85.0,0.0,Medium,92.0,False
8187,Male,85.0,8.0,88.0,0.0,Medium,80.0,False
9892,Female,92.0,22.0,65.0,2.0,Medium,80.0,True
2128,Male,85.0,18.0,82.0,2.0,Medium,78.0,False
4039,Male,91.0,30.0,86.0,3.0,Medium,87.0,False
4110,Female,82.0,10.0,86.0,2.0,High,62.0,True
9572,Male,85.0,10.0,65.0,1.0,High,87.0,True
7366,Female,82.0,22.0,86.0,2.0,High,90.0,True
1214,Male,85.0,20.0,77.0,1.0,Medium,72.0,False
1955,Female,82.0,15.0,85.0,1.0,High,92.0,True
4784,Female,92.0,25.0,70.0,3.0,Low,68.0,False
2728,Female,85.0,8.0,85.0,0.0,High,72.0,True
9747,Female,95.0,30.0,70.0,1.0,Medium,62.0,False
4943,Male,70.0,12.0,82.0,1.0,Medium,78.0,True
5660,Male,82.0,10.0,82.0,1.0,Medium,92.0,True
5521,Male,90.0,15.0,77.0,1.0,High,68.0,True
4817,Female,88.0,20.0,86.0,0.0,Low,92.0,False
8905,Male,85.0,22.0,85.0,3.0,Low,85.0,False
7266,Male,88.0,12.0,78.0,1.0,Low,88.0,True
3509,Male,70.0,17.0,86.0,3.0,Low,87.0,False
7529,Male,78.0,10.0,77.0,2.0,High,78.0,True
9589,Male,92.0,17.0,82.0,0.0,Medium,88.0,False
7939,Female,95.0,25.0,88.0,1.0,Low,80.0,False
8245,Male,85.0,15.0,90.0,3.0,Low,90.0,True
2841,Male,88.0,22.0,65.0,2.0,High,90.0,False
8373,Female,85.0,30.0,90.0,2.0,High,92.0,False
9991,Female,91.0,10.0,78.0,0.0,Low,72.0,True
5653,Male,91.0,18.0,78.0,1.0,Low,80.0,False
6901,Male,85.0,18.0,60.0,3.0,Medium,72.0,True
8940,Male,78.0,25.0,70.0,1.0,Low,80.0,False
6465,Female,70.0,10.0,78.0,1.0,Low,90.0,True
9212,Female,85.0,18.0,60.0,1.0,Low,85.0,False
3248,Male,70.0,12.0,86.0,3.0,Medium,92.0,False
6395,Female,82.0,10.0,90.0,0.0,Low,72.0,True
6062,Male,70.0,17.0,86.0,0.0,Medium,87.0,True
4016,Female,78.0,15.0,88.0,0.0,Medium,80.0,False
3489,Male,88.0,10.0,65.0,1.0,Low,88.0,True
4804,Male,85.0,30.0,85.0,1.0,High,72.0,False
4014,Female,85.0,17.0,65.0,0.0,High,92.0,True
5421,Female,92.0,25.0,90.0,2.0,High,80.0,False
8496,Male,70.0,8.0,78.0,3.0,Low,62.0,True
9530,Male,85.0,17.0,78.0,3.0,Low,72.0,True
7347,Male,92.0,18.0,77.0,0.0,Medium,85.0,False
1893,Male,85.0,17.0,85.0,2.0,High,68.0,True
7440,Female,95.0,17.0,78.0,0.0,Medium,88.0,False
2477,Female,95.0,10.0,85.0,2.0,High,78.0,False
9383,Male,70.0,12.0,60.0,1.0,High,90.0,True
3656,Male,78.0,15.0,60.0,2.0,Medium,78.0,True
3155,Male,85.0,22.0,82.0,1.0,Medium,78.0,True
9084,Male,92.0,22.0,77.0,1.0,Medium,78.0,True
5009,Female,91.0,12.0,90.0,1.0,High,68.0,True
3381,Male,91.0,22.0,82.0,1.0,High,80.0,True
5659,Male,85.0,22.0,88.0,1.0,High,85.0,True
8001,Male,88.0,17.0,78.0,2.0,Low,80.0,True
4425,Male,90.0,22.0,70.0,2.0,Medium,88.0,False
7996,Female,88.0,12.0,86.0,3.0,Medium,68.0,False
9069,Male,91.0,25.0,82.0,3.0,High,87.0,True
4396,Female,70.0,15.0,88.0,1.0,Low,92.0,False
5168,Male,88.0,18.0,70.0,2.0,Medium,80.0,False
7488,Male,78.0,25.0,88.0,1.0,Low,78.0,True
8888,Male,85.0,12.0,88.0,1.0,Medium,80.0,False
9779,Male,92.0,22.0,78.0,1.0,High,68.0,False
7147,Male,91.0,22.0,60.0,0.0,Low,87.0,False
6152,Male,88.0,8.0,85.0,1.0,High,90.0,True
9192,Male,92.0,30.0,77.0,2.0,Medium,90.0,True
4361,Male,85.0,8.0,70.0,2.0,High,85.0,True
6460,Female,85.0,20.0,70.0,2.0,High,88.0,True
6257,Male,92.0,18.0,82.0,2.0,Medium,78.0,True
3580,Male,90.0,15.0,86.0,2.0,Low,87.0,False
5440,Male,88.0,22.0,90.0,0.0,High,85.0,False
1831,Male,85.0,17.0,78.0,2.0,Medium,80.0,True
8304,Female,88.0,30.0,90.0,2.0,High,78.0,False
2593,Female,88.0,17.0,77.0,3.0,High,68.0,False
6954,Female,78.0,17.0,88.0,1.0,Medium,80.0,False
8842,Female,78.0,18.0,88.0,3.0,Low,68.0,True
6339,Male,88.0,12.0,77.0,0.0,Low,62.0,True
8903,Female,90.0,30.0,90.0,3.0,Medium,62.0,True
3835,Male,91.0,17.0,85.0,3.0,Low,78.0,False
3886,Female,70.0,20.0,86.0,2.0,Low,88.0,False
9098,Male,90.0,25.0,65.0,3.0,Low,80.0,True
8421,Female,70.0,22.0,86.0,1.0,High,92.0,False
5989,Female,95.0,20.0,86.0,1.0,Low,72.0,False
2022,Female,82.0,15.0,78.0,2.0,Medium,87.0,True
8073,Female,95.0,8.0,60.0,0.0,Medium,72.0,False
3278,Male,82.0,8.0,88.0,0.0,High,85.0,True
3200,Male,90.0,15.0,65.0,1.0,Low,62.0,True
3248,Female,85.0,22.0,60.0,3.0,High,78.0,False
7303,Female,92.0,10.0,60.0,3.0,High,88.0,True
9220,Female,70.0,12.0,86.0,1.0,High,80.0,False
2854,Female,90.0,17.0,78.0,2.0,Medium,72.0,True
5017,Female,90.0,12.0,86.0,2.0,Low,80.0,True
8681,Female,82.0,17.0,86.0,1.0,Medium,90.0,False
3744,Male,91.0,18.0,86.0,2.0,High,78.0,True
5780,Male,88.0,17.0,85.0,0.0,Low,87.0,False
8317,Female,78.0,17.0,90.0,1.0,High,72.0,True
6653,Male,88.0,20.0,78.0,1.0,Medium,62.0,True
7222,Female,85.0,18.0,65.0,2.0,Medium,80.0,False
6172,Male,90.0,12.0,88.0,0.0,Low,85.0,True
5183,Female,85.0,25.0,86.0,3.0,Low,90.0,False
9972,Male,85.0,20.0,78.0,0.0,High,72.0,False
4594,Female,88.0,25.0,78.0,1.0,Low,87.0,True
2995,Male,90.0,22.0,65.0,0.0,Low,88.0,True
4018,Female,88.0,17.0,85.0,1.0,Medium,62.0,True
5216,Male,90.0,18.0,78.0,0.0,Medium,90.0,False
3915,Female,90.0,17.0,90.0,3.0,Medium,68.0,True
9857,Female,92.0,22.0,85.0,1.0,Low,85.0,True
5105,Female,85.0,17.0,65.0,1.0,High,62.0,False
7411,Male,82.0,17.0,77.0,0.0,Medium,87.0,False
8898,Male,91.0,12.0,88.0,1.0,Low,85.0,True
6985,Female,90.0,17.0,78.0,3.0,High,72.0,True
5896,Female,90.0,30.0,77.0,2.0,Low,78.0,True
4163,Male,91.0,25.0,77.0,0.0,High,72.0,False
1268,Male,95.0,15.0,88.0,1.0,Medium,87.0,False
9791,Male,91.0,25.0,85.0,1.0,Low,68.0,False
1750,Male,78.0,15.0,65.0,1.0,Medium,87.0,True
2742,Male,85.0,22.0,86.0,3.0,High,92.0,False
6312,Male,88.0,12.0,65.0,1.0,High,80.0,True
3185,Male,91.0,8.0,65.0,1.0,Medium,87.0,True
5648,Female,85.0,10.0,90.0,0.0,Low,85.0,True
3859,Male,91.0,10.0,77.0,3.0,High,85.0,True
4144,Male,82.0,20.0,86.0,1.0,Low,72.0,True
5528,Male,92.0,20.0,65.0,1.0,Medium,80.0,True
6966,Female,92.0,8.0,82.0,1.0,Low,80.0,True
9804,Male,78.0,15.0,77.0,2.0,High,87.0,False
6340,Female,92.0,30.0,90.0,2.0,Medium,92.0,False
4276,Female,92.0,20.0,77.0,3.0,Medium,80.0,True
8454,Male,70.0,30.0,65.0,1.0,Low,92.0,True
6503,Male,85.0,22.0,78.0,2.0,High,87.0,False
3804,Female,92.0,18.0,86.0,0.0,Low,88.0,True
2416,Female,82.0,17.0,90.0,3.0,Medium,80.0,False
5041,Male,95.0,8.0,86.0,3.0,Low,68.0,False
1724,Male,85.0,12.0,78.0,0.0,Low,62.0,True
8412,Male,92.0,17.0,70.0,1.0,Low,62.0,False
5846,Male,90.0,15.0,78.0,2.0,High,78.0,True
8452,Female,78.0,8.0,65.0,1.0,Low,78.0,True
7305,Female,82.0,15.0,82.0,0.0,Medium,88.0,True
2326,Female,85.0,12.0,88.0,1.0,High,62.0,True
6989,Female,78.0,12.0,85.0,2.0,Low,92.0,True
9841,Male,85.0,22.0,90.0,3.0,Medium,90.0,False
5540,Male,90.0,30.0,88.0,1.0,Medium,72.0,False
9714,Female,85.0,22.0,88.0,2.0,High,78.0,True
5724,Male,90.0,10.0,82.0,2.0,High,68.0,True
5803,Female,82.0,10.0,77.0,1.0,Medium,78.0,False
4097,Male,85.0,17.0,70.0,1.0,Medium,88.0,False
8965,Female,85.0,18.0,78.0,0.0,Medium,68.0,False
7093,Female,85.0,10.0,88.0,2.0,Medium,68.0,False
3986,Male,78.0,10.0,90.0,2.0,High,90.0,False
7056,Male,92.0,17.0,78.0,1.0,Medium,68.0,True
9743,Female,90.0,15.0,60.0,1.0,High,78.0,True
9948,Male,88.0,17.0,82.0,3.0,High,68.0,False
6549,Male,85.0,15.0,78.0,2.0,High,85.0,True
8306,Female,90.0,30.0,78.0,3.0,Low,92.0,False
4206,Male,90.0,17.0,77.0,2.0,Low,62.0,True
6915,Female,78.0,8.0,88.0,0.0,Medium,80.0,False
8300,Male,92.0,17.0,60.0,1.0,Medium,68.0,False
2449,Male,70.0,18.0,60.0,0.0,Low,78.0,True
4264,Male,70.0,18.0,70.0,1.0,High,85.0,False
8593,Male,85.0,15.0,65.0,2.0,Medium,78.0,False
7834,Male,85.0,25.0,78.0,2.0,Medium,78.0,False
8872,Female,88.0,17.0,85.0,1.0,Low,88.0,True
1958,Male,95.0,17.0,65.0,1.0,High,80.0,True
1798,Female,88.0,12.0,85.0,2.0,High,68.0,True
9908,Female,95.0,18.0,82.0,1.0,High,72.0,True
3243,Female,95.0,17.0,60.0,1.0,High,87.0,True
3277,Male,91.0,12.0,88.0,0.0,Low,85.0,True
3108,Male,92.0,18.0,65.0,3.0,High,87.0,True
2273,Male,85.0,8.0,78.0,3.0,High,80.0,True
8685,Male,88.0,15.0,78.0,2.0,Low,80.0,True
4365,Male,78.0,30.0,78.0,2.0,High,85.0,False
3630,Male,82.0,22.0,85.0,2.0,Low,80.0,True
5617,Male,82.0,15.0,85.0,3.0,Low,78.0,True
8203,Male,78.0,30.0,60.0,0.0,High,72.0,False
3025,Female,90.0,12.0,65.0,1.0,Medium,85.0,True
6375,Female,88.0,8.0,82.0,1.0,Low,85.0,True
7672,Female,70.0,25.0,85.0,1.0,High,90.0,False
2723,Female,85.0,12.0,85.0,2.0,High,62.0,True
3764,Male,95.0,25.0,88.0,3.0,Low,62.0,False
5563,Female,70.0,30.0,77.0,3.0,Medium,78.0,False
2770,Male,88.0,17.0,77.0,3.0,Low,68.0,True
2117,Female,85.0,10.0,60.0,3.0,Low,90.0,True
2253,Female,85.0,25.0,82.0,1.0,Medium,72.0,True
1517,Female,90.0,8.0,77.0,1.0,Medium,78.0,True
5965,Male,85.0,8.0,65.0,2.0,Low,62.0,False
9837,Female,85.0,12.0,65.0,2.0,High,62.0,False
6779,Female,95.0,15.0,78.0,3.0,High,68.0,True
6591,Female,90.0,8.0,88.0,1.0,Medium,90.0,True
4844,Female,91.0,20.0,85.0,2.0,High,90.0,False
1612,Female,70.0,22.0,70.0,0.0,Medium,80.0,True
6185,Female,88.0,8.0,88.0,3.0,High,78.0,True
6504,Female,82.0,30.0,65.0,3.0,Medium,90.0,False
2234,Male,88.0,18.0,78.0,2.0,Low,62.0,True
2552,Female,88.0,20.0,86.0,2.0,Medium,62.0,True
5945,Female,70.0,12.0,88.0,3.0,Medium,62.0,False
9971,Male,85.0,12.0,65.0,3.0,Medium,92.0,False
8133,Female,95.0,20.0,90.0,0.0,Medium,85.0,True
7649,Male,90.0,10.0,90.0,1.0,High,85.0,False
7914,Male,92.0,10.0,82.0,0.0,High,85.0,True
1691,Female,85.0,15.0,85.0,1.0,Low,85.0,False
2479,Female,78.0,25.0,85.0,3.0,Low,72.0,False
9133,Male,92.0,22.0,85.0,1.0,Medium,88.0,True
7928,Male,78.0,20.0,65.0,3.0,Medium,78.0,True
9034,Female,90.0,30.0,70.0,0.0,High,92.0,True
6947,Female,95.0,18.0,78.0,3.0,High,80.0,True
5144,Female,88.0,30.0,85.0,2.0,High,78.0,False
5929,Male,92.0,18.0,90.0,0.0,Medium,90.0,False
1555,Female,90.0,17.0,77.0,0.0,Medium,62.0,True
5275,Male,95.0,8.0,86.0,2.0,Low,80.0,True
4010,Female,78.0,15.0,60.0,3.0,Low,85.0,True
3585,Male,82.0,10.0,86.0,0.0,Medium,78.0,True
5270,Male,91.0,30.0,82.0,3.0,High,62.0,False
4677,Male,85.0,12.0,86.0,3.0,High,78.0,True
1231,Female,85.0,17.0,85.0,3.0,Low,92.0,False
5717,Female,70.0,10.0,60.0,3.0,Low,92.0,True
8506,Male,85.0,17.0,65.0,1.0,Low,62.0,False
7935,Female,90.0,20.0,70.0,1.0,High,90.0,False
1745,Male,88.0,12.0,86.0,0.0,Medium,62.0,True
3938,Female,88.0,12.0,77.0,1.0,Medium,68.0,False
3323,Female,90.0,30.0,78.0,0.0,Medium,85.0,False
5312,Female,82.0,30.0,60.0,0.0,Medium,78.0,False
1871,Male,78.0,15.0,90.0,0.0,High,78.0,False
8150,Male,85.0,15.0,78.0,1.0,Low,72.0,True
3425,Male,95.0,20.0,90.0,2.0,High,68.0,True
1067,Male,70.0,20.0,90.0,1.0,Low,87.0,False
2998,Female,95.0,17.0,85.0,1.0,High,80.0,False
8439,Female,91.0,15.0,88.0,1.0,Low,88.0,True
4463,Male,88.0,30.0,78.0,2.0,Low,88.0,False
3916,Male,70.0,20.0,78.0,3.0,High,62.0,True
2975,Female,85.0,8.0,82.0,3.0,High,90.0,True
9021,Female,70.0,17.0,82.0,3.0,Low,62.0,False
4053,Female,70.0,20.0,78.0,2.0,Medium,78.0,True
9115,Male,88.0,17.0,60.0,2.0,Medium,85.0,False
5073,Female,88.0,22.0,78.0,2.0,High,80.0,False
7766,Male,85.0,22.0,82.0,1.0,Medium,88.0,True
2866,Female,78.0,10.0,60.0,1.0,High,62.0,False
8454,Female,91.0,18.0,88.0,0.0,High,68.0,False
2742,Female,82.0,15.0,78.0,0.0,High,80.0,False
7637,Female,88.0,22.0,86.0,1.0,Low,62.0,True
3213,Male,92.0,20.0,78.0,3.0,High,92.0,True
8139,Male,90.0,18.0,77.0,0.0,Medium,62.0,True
8295,Female,85.0,15.0,77.0,3.0,High,92.0,True
6469,Male,90.0,8.0,60.0,1.0,Low,88.0,False
1606,Female,70.0,17.0,70.0,3.0,Low,80.0,True
1994,Male,70.0,22.0,88.0,2.0,High,85.0,False
2915,Female,91.0,30.0,77.0,0.0,High,68.0,False
6633,Female,92.0,12.0,90.0,3.0,Low,90.0,False
3148,Female,70.0,8.0,88.0,1.0,High,88.0,True
8911,Male,78.0,25.0,65.0,3.0,Medium,87.0,False
4845,Male,82.0,15.0,78.0,1.0,Medium,90.0,True
2043,Female,70.0,20.0,86.0,3.0,High,72.0,False
6820,Male,82.0,18.0,65.0,2.0,Low,87.0,False
2817,Male,91.0,22.0,85.0,2.0,High,72.0,True
4365,Female,78.0,18.0,77.0,2.0,Medium,87.0,False
3257,Male,92.0,17.0,60.0,1.0,High,78.0,True
2396,Female,95.0,8.0,88.0,3.0,High,72.0,True
8025,Female,88.0,17.0,70.0,1.0,High,78.0,True
2389,Female,88.0,8.0,65.0,0.0,High,80.0,True
1947,Female,70.0,8.0,78.0,2.0,Low,90.0,False
9647,Male,70.0,17.0,90.0,2.0,Low,88.0,False
7627,Male,88.0,20.0,78.0,2.0,Medium,62.0,True
1383,Male,82.0,22.0,82.0,3.0,Medium,62.0,True
7110,Female,82.0,30.0,85.0,1.0,Low,87.0,True
8424,Female,92.0,22.0,86.0,2.0,Low,92.0,True
7187,Male,90.0,30.0,70.0,3.0,High,90.0,False
7751,Male,90.0,15.0,60.0,0.0,Medium,92.0,False
9502,Male,88.0,22.0,77.0,0.0,Medium,78.0,True
3364,Male,85.0,17.0,65.0,2.0,Low,87.0,False
1534,Male,82.0,30.0,85.0,3.0,Medium,87.0,False
1659,Male,90.0,30.0,82.0,1.0,Medium,85.0,True
3328,Female,85.0,18.0,82.0,3.0,High,78.0,False
2106,Male,70.0,17.0,86.0,2.0,Low,78.0,False
8786,Male,78.0,12.0,77.0,1.0,Low,78.0,False
2463,Female,70.0,25.0,60.0,1.0,Low,80.0,False
2450,Male,85.0,22.0,82.0,2.0,Low,87.0,True
9877,Male,91.0,12.0,90.0,1.0,Low,80.0,True
1310,Female,92.0,25.0,86.0,1.0,High,80.0,True
9052,Male,95.0,17.0,65.0,0.0,High,72.0,True
2878,Male,82.0,10.0,82.0,0.0,High,85.0,False
7672,Male,85.0,22.0,88.0,0.0,High,80.0,False
3334,Female,95.0,18.0,60.0,2.0,High,92.0,True
9076,Female,90.0,18.0,78.0,1.0,Medium,72.0,True
7676,Male,85.0,18.0,70.0,3.0,Low,87.0,True
5990,Female,85.0,20.0,70.0,3.0,High,90.0,True
9806,Female,82.0,17.0,78.0,1.0,Medium,88.0,True
1985,Female,88.0,22.0,78.0,1.0,Medium,92.0,False
1745,Male,82.0,22.0,85.0,2.0,High,62.0,False
8077,Male,91.0,12.0,88.0,1.0,Low,85.0,False
5473,Male,95.0,30.0,90.0,1.0,Low,90.0,True
2270,Male,85.0,20.0,88.0,0.0,Low,90.0,True
3044,Female,95.0,25.0,77.0,1.0,High,80.0,False
4137,Male,91.0,18.0,90.0,3.0,Medium,90.0,True
1116,Male,70.0,20.0,78.0,3.0,Low,78.0,True
2070,Male,90.0,10.0,82.0,3.0,High,72.0,True
1378,Female,82.0,17.0,78.0,1.0,Low,80.0,False
7666,Female,90.0,12.0,77.0,1.0,Medium,72.0,True
1769,Female,88.0,12.0,77.0,1.0,High,62.0,True
4696,Female,90.0,25.0,90.0,0.0,Medium,85.0,True
1456,Female,70.0,15.0,86.0,1.0,Medium,92.0,False
1891,Female,88.0,17.0,85.0,3.0,Low,78.0,False
3045,Male,85.0,15.0,60.0,1.0,Low,87.0,False
1897,Female,91.0,8.0,85.0,2.0,Low,80.0,False
7581,Male,91.0,8.0,90.0,3.0,Low,88.0,False
8014,Male,95.0,15.0,77.0,2.0,Medium,88.0,True
2106,Male,91.0,10.0,70.0,2.0,Medium,62.0,False
4046,Male,88.0,15.0,78.0,0.0,Medium,88.0,True
6098,Male,78.0,17.0,82.0,3.0,Medium,85.0,True
1939,Male,82.0,12.0,78.0,0.0,Medium,92.0,True
2120,Male,92.0,17.0,77.0,3.0,Low,90.0,False
5909,Female,95.0,10.0,85.0,1.0,High,78.0,True
4772,Female,88.0,25.0,90.0,1.0,Low,90.0,True
7558,Male,85.0,30.0,78.0,2.0,Medium,80.0,False
8215,Male,91.0,30.0,78.0,1.0,High,92.0,False
3855,Female,82.0,25.0,65.0,3.0,High,68.0,True
3248,Female,90.0,30.0,90.0,2.0,Medium,92.0,True
9633,Female,90.0,20.0,65.0,0.0,High,92.0,False
6209,Female,92.0,17.0,86.0,3.0,High,72.0,False
5049,Male,88.0,10.0,70.0,3.0,Medium,92.0,False
2062,Male,82.0,8.0,70.0,1.0,Medium,72.0,False
9609,Female,85.0,17.0,82.0,3.0,Medium,88.0,True
4325,Female,92.0,8.0,90.0,2.0,Medium,62.0,False
2388,Male,90.0,18.0,77.0,2.0,Medium,92.0,False
7981,Female,85.0,8.0,60.0,1.0,Medium,90.0,True
8236,Male,88.0,20.0,88.0,2.0,High,72.0,True
5528,Male,90.0,20.0,85.0,1.0,High,72.0,True
5096,Female,88.0,25.0,86.0,0.0,Low,72.0,False
5617,Female,70.0,8.0,86.0,1.0,Medium,72.0,False
4728,Male,92.0,17.0,90.0,2.0,Low,72.0,False
6581,Male,95.0,25.0,60.0,0.0,High,78.0,True
7608,Female,95.0,22.0,78.0,3.0,High,68.0,False
7247,Male,70.0,20.0,70.0,0.0,High,78.0,False
5991,Male,88.0,20.0,70.0,0.0,High,88.0,True
2138,Female,88.0,25.0,90.0,2.0,Low,72.0,False
2126,Female,88.0,10.0,90.0,2.0,Medium,78.0,False
4325,Male,88.0,25.0,78.0,0.0,Medium,87.0,True
9615,Female,91.0,17.0,77.0,1.0,Low,80.0,False
6681,Female,70.0,22.0,65.0,0.0,High,68.0,False
8501,Female,78.0,22.0,85.0,0.0,Low,80.0,False
9810,Female,90.0,25.0,77.0,0.0,Low,87.0,True
9264,Female,70.0,17.0,65.0,2.0,High,72.0,True
8567,Female,95.0,8.0,90.0,0.0,High,80.0,True
6359,Female,85.0,17.0,85.0,2.0,Low,92.0,True
8713,Female,78.0,17.0,78.0,3.0,High,68.0,False
3759,Male,85.0,18.0,65.0,1.0,Medium,68.0,True
8242,Male,82.0,20.0,60.0,2.0,Medium,80.0,False
4305,Male,95.0,25.0,90.0,2.0,High,62.0,False
4148,Male,92.0,20.0,65.0,0.0,High,62.0,False
4105,Male,82.0,8.0,60.0,2.0,High,92.0,True
1245,Female,95.0,15.0,60.0,3.0,Medium,92.0,False
1719,Male,92.0,8.0,82.0,3.0,Medium,87.0,True
5127,Male,91.0,30.0,60.0,0.0,Medium,68.0,False
8899,Male,95.0,17.0,86.0,3.0,Medium,62.0,True
9248,Male,88.0,15.0,86.0,1.0,Medium,92.0,True
2300,Male,78.0,30.0,77.0,2.0,High,68.0,True
4900,Female,88.0,10.0,78.0,1.0,Low,80.0,False
1388,Male,95.0,30.0,90.0,3.0,Low,80.0,True
4644,Female,82.0,30.0,65.0,1.0,Low,80.0,True
4153,Male,78.0,17.0,65.0,2.0,High,88.0,True
4871,Male,70.0,17.0,82.0,1.0,Low,92.0,True
5966,Female,91.0,17.0,90.0,2.0,Medium,87.0,False
7188,Male,85.0,17.0,60.0,2.0,Low,62.0,False
1324,Female,70.0,20.0,82.0,3.0,Low,68.0,False
7233,Female,88.0,17.0,82.0,0.0,Low,88.0,True
8688,Male,78.0,25.0,78.0,1.0,Low,90.0,False
7113,Female,85.0,18.0,86.0,2.0,Medium,80.0,False
3660,Male,70.0,18.0,88.0,2.0,Low,78.0,True
7313,Male,92.0,25.0,77.0,1.0,Medium,80.0,True
5281,Female,78.0,18.0,90.0,3.0,Low,68.0,True
7297,Female,91.0,20.0,70.0,3.0,Medium,68.0,False
9202,Female,91.0,18.0,60.0,2.0,High,80.0,True
5407,Male,70.0,18.0,78.0,0.0,Medium,80.0,False
9600,Male,88.0,8.0,65.0,0.0,Medium,68.0,False
3981,Male,85.0,22.0,90.0,0.0,High,80.0,True
5249,Female,85.0,22.0,85.0,0.0,High,85.0,False
2052,Female,85.0,22.0,90.0,1.0,Medium,87.0,True
1685,Male,92.0,12.0,78.0,0.0,Low,72.0,False
8961,Female,95.0,22.0,60.0,1.0,Medium,90.0,False
7528,Female,91.0,15.0,88.0,1.0,High,80.0,False
3275,Male,91.0,20.0,70.0,2.0,Low,92.0,False
9436,Female,92.0,15.0,88.0,1.0,Low,90.0,False
8279,Male,91.0,17.0,60.0,3.0,High,90.0,True
7305,Female,91.0,25.0,65.0,1.0,Low,80.0,True
2465,Male,70.0,15.0,65.0,1.0,Medium,85.0,False
3016,Male,82.0,17.0,85.0,1.0,High,88.0,True
6623,Female,70.0,12.0,60.0,3.0,High,85.0,True
2460,Female,91.0,25.0,85.0,3.0,Medium,68.0,True
6092,Male,91.0,12.0,90.0,0.0,Medium,90.0,True
9515,Male,90.0,8.0,78.0,2.0,Medium,90.0,True
9189,Female,78.0,22.0,82.0,0.0,Low,80.0,True
5480,Female,92.0,17.0,82.0,0.0,High,90.0,True
4687,Male,78.0,17.0,60.0,2.0,Low,68.0,False
6528,Female,85.0,30.0,60.0,0.0,High,72.0,True
9978,Female,90.0,10.0,88.0,3.0,High,85.0,True
8239,Female,88.0,10.0,90.0,3.0,Low,92.0,False
2670,Male,70.0,8.0,65.0,1.0,High,90.0,True
2922,Female,91.0,8.0,65.0,0.0,High,80.0,False
5959,Male,70.0,20.0,77.0,0.0,Medium,78.0,True
2353,Male,85.0,12.0,90.0,1.0,Low,88.0,False
2549,Male,70.0,17.0,60.0,2.0,Low,68.0,True
7640,Male,70.0,12.0,70.0,2.0,Medium,87.0,True
4399,Male,78.0,22.0,65.0,1.0,Low,78.0,True
3110,Male,78.0,20.0,70.0,2.0,High,87.0,False
6956,Male,70.0,15.0,90.0,2.0,High,72.0,False
3291,Female,95.0,12.0,88.0,3.0,Low,72.0,True
4884,Male,92.0,10.0,82.0,3.0,High,88.0,False
5544,Male,91.0,8.0,85.0,2.0,Medium,85.0,False
8472,Male,88.0,8.0,65.0,2.0,High,87.0,True
7097,Male,70.0,10.0,88.0,0.0,Medium,80.0,True
5425,Male,82.0,20.0,70.0,0.0,High,90.0,False
5476,Male,92.0,18.0,78.0,1.0,Medium,92.0,True
3879,Female,91.0,17.0,85.0,2.0,Medium,88.0,False
3090,Female,85.0,12.0,78.0,0.0,High,62.0,True
7064,Male,91.0,8.0,77.0,0.0,Medium,80.0,False
5519,Female,88.0,25.0,82.0,2.0,Medium,62.0,True
2256,Male,90.0,10.0,86.0,1.0,High,85.0,True
7946,Male,85.0,17.0,70.0,2.0,Low,87.0,True
1119,Female,88.0,30.0,90.0,2.0,Low,88.0,True
9577,Male,78.0,17.0,88.0,0.0,High,90.0,False
7211,Male,95.0,20.0,88.0,3.0,Low,87.0,False
5337,Male,85.0,22.0,60.0,3.0,Medium,72.0,False
8999,Male,95.0,15.0,86.0,1.0,Medium,85.0,False
4050,Male,95.0,15.0,85.0,0.0,Medium,92.0,True
7729,Male,88.0,15.0,65.0,2.0,High,78.0,False
8017,Male,88.0,18.0,85.0,1.0,Low,78.0,False
1095,Female,92.0,20.0,90.0,2.0,High,68.0,False
1517,Male,92.0,17.0,82.0,2.0,Medium,78.0,True
6322,Female,82.0,8.0,65.0,1.0,High,80.0,True
4874,Male,95.0,8.0,86.0,1.0,Medium,78.0,True
8027,Male,91.0,10.0,70.0,0.0,High,85.0,True
8031,Male,85.0,20.0,70.0,3.0,High,92.0,True
4758,Male,78.0,17.0,78.0,2.0,High,68.0,True
2489,Male,70.0,8.0,70.0,2.0,Low,92.0,False
2005,Female,85.0,18.0,85.0,2.0,Medium,85.0,False
5046,Female,85.0,10.0,78.0,1.0,High,90.0,False
2650,Female,78.0,18.0,78.0,1.0,Medium,85.0,True
3134,Female,95.0,30.0,86.0,2.0,Low,90.0,True
7292,Male,90.0,10.0,86.0,2.0,High,88.0,True
4160,Female,90.0,20.0,70.0,3.0,Medium,85.0,True
9741,Male,85.0,10.0,90.0,0.0,Low,85.0,False
6996,Female,90.0,8.0,85.0,1.0,Medium,72.0,True
3735,Female,78.0,18.0,78.0,3.0,High,80.0,False
9723,Male,78.0,17.0,70.0,1.0,Low,62.0,True
4015,Male,78.0,22.0,90.0,3.0,Low,80.0,False
9254,Female,88.0,25.0,82.0,2.0,Low,87.0,True
5781,Male,78.0,18.0,65.0,2.0,High,92.0,True
1022,Female,91.0,30.0,88.0,2.0,Low,72.0,False
5831,Male,85.0,17.0,88.0,3.0,Low,85.0,True
7258,Female,91.0,12.0,90.0,1.0,High,90.0,False
3550,Female,92.0,8.0,88.0,0.0,Medium,87.0,True
3885,Male,91.0,17.0,65.0,1.0,High,85.0,False
4077,Male,78.0,20.0,60.0,3.0,Medium,62.0,True
1193,Male,70.0,8.0,78.0,2.0,High,80.0,True
5385,Male,91.0,15.0,78.0,2.0,Low,90.0,True
3281,Female,91.0,17.0,65.0,2.0,Medium,78.0,False
9906,Male,88.0,15.0,85.0,2.0,Medium,80.0,True
1019,Male,85.0,25.0,60.0,0.0,High,90.0,False
2841,Female,78.0,20.0,90.0,2.0,Medium,90.0,True
6906,Male,85.0,22.0,65.0,0.0,Medium,72.0,False
3461,Female,91.0,18.0,88.0,2.0,Medium,78.0,True
1035,Male,78.0,30.0,65.0,0.0,Medium,78.0,False
5562,Male,90.0,30.0,65.0,0.0,Medium,90.0,False
7782,Female,78.0,25.0,60.0,0.0,Low,78.0,True
7301,Male,91.0,8.0,70.0,3.0,Low,92.0,False
1046,Male,85.0,17.0,70.0,1.0,High,87.0,False
3283,Female,85.0,10.0,70.0,0.0,High,92.0,True
2920,Male,70.0,15.0,60.0,1.0,High,87.0,True
3591,Male,78.0,30.0,65.0,2.0,High,87.0,True
5698,Male,78.0,15.0,78.0,3.0,High,72.0,False
8443,Female,91.0,12.0,82.0,3.0,Medium,68.0,False
8674,Female,95.0,8.0,60.0,0.0,High,90.0,False
2776,Male,90.0,30.0,86.0,1.0,High,92.0,True
2070,Male,91.0,15.0,82.0,3.0,Low,92.0,True
5410,Male,91.0,22.0,78.0,3.0,High,80.0,False
1138,Female,88.0,8.0,70.0,3.0,Medium,62.0,True
6428,Female,82.0,20.0,70.0,0.0,High,88.0,True
5753,Male,78.0,17.0,85.0,2.0,Low,92.0,True
3638,Female,85.0,10.0,88.0,2.0,Medium,88.0,True
7350,Male,92.0,22.0,86.0,2.0,High,88.0,True
1244,Male,88.0,12.0,85.0,1.0,High,78.0,True
2116,Female,91.0,30.0,88.0,2.0,High,68.0,False
8753,Male,85.0,10.0,85.0,3.0,Medium,80.0,False
7701,Male,85.0,30.0,70.0,3.0,Medium,90.0,False
3592,Female,90.0,25.0,60.0,1.0,Low,87.0,False
2787,Male,78.0,20.0,60.0,0.0,High,62.0,False
4497,Female,91.0,17.0,86.0,0.0,High,90.0,True
1886,Male,85.0,8.0,82.0,2.0,Low,68.0,False
7636,Male,88.0,17.0,60.0,2.0,High,85.0,True
8021,Female,88.0,10.0,90.0,1.0,Medium,80.0,True
